"OTU","Sample","Abundance","X.SampleID","Primer","Final_Barcode","Barcode_truncated_plus_T","Barcode_full_length","SampleType","Description","Kingdom","Phylum"
"98605","TS29",0.827067147327187,"TS29","ILBC_26","ACCAGC","GCTGGT","CTAGTCGCTGG","Feces","Twin #2","Bacteria","Firmicutes"
"550960","TRRsed2",0.81654310337812,"TRRsed2","ILBC_23","ACATTC","GAATGT","TGCGCTGAATG","Sediment (estuary)","Tijuana River Reserve, depth 2","Bacteria","Proteobacteria"
"98605","TS28",0.752962000559412,"TS28","ILBC_25","ACCAGA","TCTGGT","GCATCGTCTGG","Feces","Twin #1","Bacteria","Firmicutes"
"550960","TRRsed3",0.712668804740195,"TRRsed3","ILBC_24","ACCACA","TGTGGT","GATGTATGTGG","Sediment (estuary)","Tijuana River Reserve, depth 2","Bacteria","Proteobacteria"
"331820","M11Fcsw",0.68650517563006,"M11Fcsw","ILBC_05","AAGCTG","CAGCTT","CGACTGCAGCT","Feces","M1, Day 1, fecal swab, whole body study ","Bacteria","Bacteroidetes"
"549656","AQC4cm",0.675046280240279,"AQC4cm","ILBC_17","ACAGCT","AGCTGT","CAAGCTAGCTG","Freshwater (creek)","Allequash Creek, 3-4 cm depth","Bacteria","Cyanobacteria"
"550960","M31Tong",0.672479094011325,"M31Tong","ILBC_10","ACACGA","TCGTGT","TGTGGCTCGTG","Tongue","M3, Day 1, tongue, whole body study ","Bacteria","Proteobacteria"
"549656","AQC1cm",0.647105550675893,"AQC1cm","ILBC_16","ACAGCA","TGCTGT","GACCACTGCTG","Freshwater (creek)","Allequash Creek, 0-1cm depth","Bacteria","Cyanobacteria"
"550960","TRRsed1",0.604433048236934,"TRRsed1","ILBC_22","ACATGT","ACATGT","CACGTGACATG","Sediment (estuary)","Tijuana River Reserve, depth 1","Bacteria","Proteobacteria"
"549656","AQC7cm",0.55614754050084,"AQC7cm","ILBC_18","ACAGTG","CACTGT","ATGAAGCACTG","Freshwater (creek)","Allequash Creek, 6-7 cm depth","Bacteria","Cyanobacteria"
"329744","SLEpi20M",0.532546358013226,"SLEpi20M","ILBC_15","ACAGAG","CTCTGT","AGCCGACTCTG","Freshwater","Sparkling Lake Wisconsin, 20 meter eplimnion","Bacteria","Actinobacteria"
"549656","LMEpi24M",0.526467541020472,"LMEpi24M","ILBC_13","ACACTG","CAGTGT","CATGAACAGTG","Freshwater","Lake Mendota Minnesota, 24 meter epilimnion ","Bacteria","Cyanobacteria"
"331820","M31Fcsw",0.521635181371516,"M31Fcsw","ILBC_04","AAGAGA","TCTCTT","TCGACATCTCT","Feces","M3, Day 1, fecal swab, whole body study","Bacteria","Bacteroidetes"
"331820","NP3",0.519703881612215,"NP3","ILBC_20","ACATCA","TGATGT","GCTAAGTGATG","Ocean","Newport Pier, CA surface water, Time 2","Bacteria","Bacteroidetes"
"550960","M11Plmr",0.49150512097716,"M11Plmr","ILBC_08","ACACAC","GTGTGT","GCCATAGTGTG","Skin","M1, Day 1, right palm, whole body study ","Bacteria","Proteobacteria"
"98605","M31Plmr",0.473141158012368,"M31Plmr","ILBC_07","AATCGT","ACGATT","CGAGTCACGAT","Skin","M3, Day 1, right palm, whole body study","Bacteria","Firmicutes"
"550960","NP2",0.469087295520563,"NP2","ILBC_19","ACAGTT","AACTGT","TCGCGCAACTG","Ocean","Newport Pier, CA surface water, Time 1","Bacteria","Proteobacteria"
"98605","M31Fcsw",0.453202743679969,"M31Fcsw","ILBC_04","AAGAGA","TCTCTT","TCGACATCTCT","Feces","M3, Day 1, fecal swab, whole body study","Bacteria","Firmicutes"
"98605","Even2",0.425311417045422,"Even2","ILBC_28","ACCTCG","CGAGGT","TCTGATCGAGG","Mock","Even2","Bacteria","Firmicutes"
"98605","Even3",0.418341777307311,"Even3","ILBC_29","ACCTGT","ACAGGT","AGAGAGACAGG","Mock","Even3","Bacteria","Firmicutes"
"98605","Even1",0.398670153476102,"Even1","ILBC_27","ACCGCA","TGCGGT","TGACTCTGCGG","Mock","Even1","Bacteria","Firmicutes"
"550960","NP3",0.361045918522766,"NP3","ILBC_20","ACATCA","TGATGT","GCTAAGTGATG","Ocean","Newport Pier, CA surface water, Time 2","Bacteria","Proteobacteria"
"550960","CL3",0.341096502039431,"CL3","ILBC_01","AACGCA","TGCGTT","CTAGCGTGCGT","Soil","Calhoun South Carolina Pine soil, pH 4.9","Bacteria","Proteobacteria"
"98605","M11Tong",0.325346570252886,"M11Tong","ILBC_11","ACACGG","CCGTGT","TAGACACCGTG","Tongue","M1, Day 1, tongue, whole body study ","Bacteria","Firmicutes"
"550960","SV1",0.321452002762431,"SV1","ILBC_03","AACTGT","ACAGTT","GTACGCACAGT","Soil","Sevilleta new Mexico, desert scrub, pH 8.3","Bacteria","Proteobacteria"
"550960","CC1",0.317972557864634,"CC1","ILBC_02","AACTCG","CGAGTT","CATCGACGAGT","Soil","Cedar Creek Minnesota, grassland, pH 6.1","Bacteria","Proteobacteria"
"36155","CL3",0.312164261363372,"CL3","ILBC_01","AACGCA","TGCGTT","CTAGCGTGCGT","Soil","Calhoun South Carolina Pine soil, pH 4.9","Bacteria","Acidobacteria"
"550960","NP5",0.309305618702654,"NP5","ILBC_21","ACATGA","TCATGT","GAACGATCATG","Ocean","Newport Pier, CA surface water, Time 3","Bacteria","Proteobacteria"
"98605","F21Plmr",0.307828118355681,"F21Plmr","ILBC_09","ACACAT","ATGTGT","GTAGACATGTG","Skin","F1, Day 1,  right palm, whole body study ","Bacteria","Firmicutes"
"549656","NP5",0.278775047872395,"NP5","ILBC_21","ACATGA","TCATGT","GAACGATCATG","Ocean","Newport Pier, CA surface water, Time 3","Bacteria","Cyanobacteria"
"331820","Even2",0.253056481553974,"Even2","ILBC_28","ACCTCG","CGAGGT","TCTGATCGAGG","Mock","Even2","Bacteria","Bacteroidetes"
"331820","Even1",0.252213463153643,"Even1","ILBC_27","ACCGCA","TGCGGT","TGACTCTGCGG","Mock","Even1","Bacteria","Bacteroidetes"
"550960","F21Plmr",0.249231613906846,"F21Plmr","ILBC_09","ACACAT","ATGTGT","GTAGACATGTG","Skin","F1, Day 1,  right palm, whole body study ","Bacteria","Proteobacteria"
"331820","NP5",0.245339744167983,"NP5","ILBC_21","ACATGA","TCATGT","GAACGATCATG","Ocean","Newport Pier, CA surface water, Time 3","Bacteria","Bacteroidetes"
"331820","Even3",0.244101201515184,"Even3","ILBC_29","ACCTGT","ACAGGT","AGAGAGACAGG","Mock","Even3","Bacteria","Bacteroidetes"
"549656","NP2",0.239218009478673,"NP2","ILBC_19","ACAGTT","AACTGT","TCGCGCAACTG","Ocean","Newport Pier, CA surface water, Time 1","Bacteria","Cyanobacteria"
"319505","CC1",0.237962592399212,"CC1","ILBC_02","AACTCG","CGAGTT","CATCGACGAGT","Soil","Cedar Creek Minnesota, grassland, pH 6.1","Bacteria","Verrucomicrobia"
"329744","M11Plmr",0.237777988469997,"M11Plmr","ILBC_08","ACACAC","GTGTGT","GCCATAGTGTG","Skin","M1, Day 1, right palm, whole body study ","Bacteria","Actinobacteria"
"550960","AQC7cm",0.230508768065324,"AQC7cm","ILBC_18","ACAGTG","CACTGT","ATGAAGCACTG","Freshwater (creek)","Allequash Creek, 6-7 cm depth","Bacteria","Proteobacteria"
"550960","M31Plmr",0.218956133530636,"M31Plmr","ILBC_07","AATCGT","ACGATT","CGAGTCACGAT","Skin","M3, Day 1, right palm, whole body study","Bacteria","Proteobacteria"
"550960","M11Tong",0.217430386320962,"M11Tong","ILBC_11","ACACGG","CCGTGT","TAGACACCGTG","Tongue","M1, Day 1, tongue, whole body study ","Bacteria","Proteobacteria"
"329744","LMEpi24M",0.210010266043114,"LMEpi24M","ILBC_13","ACACTG","CAGTGT","CATGAACAGTG","Freshwater","Lake Mendota Minnesota, 24 meter epilimnion ","Bacteria","Actinobacteria"
"550960","Even1",0.201487460401159,"Even1","ILBC_27","ACCGCA","TGCGGT","TGACTCTGCGG","Mock","Even1","Bacteria","Proteobacteria"
"550960","Even3",0.2013936499955,"Even3","ILBC_29","ACCTGT","ACAGGT","AGAGAGACAGG","Mock","Even3","Bacteria","Proteobacteria"
"550960","Even2",0.199965180628067,"Even2","ILBC_28","ACCTCG","CGAGGT","TCTGATCGAGG","Mock","Even2","Bacteria","Proteobacteria"
"550960","SLEpi20M",0.194559826945426,"SLEpi20M","ILBC_15","ACAGAG","CTCTGT","AGCCGACTCTG","Freshwater","Sparkling Lake Wisconsin, 20 meter eplimnion","Bacteria","Proteobacteria"
"329744","SV1",0.174536717311234,"SV1","ILBC_03","AACTGT","ACAGTT","GTACGCACAGT","Soil","Sevilleta new Mexico, desert scrub, pH 8.3","Bacteria","Actinobacteria"
"331820","NP2",0.170608469652958,"NP2","ILBC_19","ACAGTT","AACTGT","TCGCGCAACTG","Ocean","Newport Pier, CA surface water, Time 1","Bacteria","Bacteroidetes"
"550960","AQC4cm",0.170501881136297,"AQC4cm","ILBC_17","ACAGCT","AGCTGT","CAAGCTAGCTG","Freshwater (creek)","Allequash Creek, 3-4 cm depth","Bacteria","Proteobacteria"
"36155","CC1",0.161559807369674,"CC1","ILBC_02","AACTCG","CGAGTT","CATCGACGAGT","Soil","Cedar Creek Minnesota, grassland, pH 6.1","Bacteria","Acidobacteria"
"98605","M11Fcsw",0.158322834535572,"M11Fcsw","ILBC_05","AAGCTG","CAGCTT","CGACTGCAGCT","Feces","M1, Day 1, fecal swab, whole body study ","Bacteria","Firmicutes"
"550960","AQC1cm",0.156871398273313,"AQC1cm","ILBC_16","ACAGCA","TGCTGT","GACCACTGCTG","Freshwater (creek)","Allequash Creek, 0-1cm depth","Bacteria","Proteobacteria"
"331820","TS28",0.150636597921635,"TS28","ILBC_25","ACCAGA","TCTGGT","GCATCGTCTGG","Feces","Twin #1","Bacteria","Bacteroidetes"
"331820","M11Tong",0.148126323359035,"M11Tong","ILBC_11","ACACGG","CCGTGT","TAGACACCGTG","Tongue","M1, Day 1, tongue, whole body study ","Bacteria","Bacteroidetes"
"329744","F21Plmr",0.146405137286776,"F21Plmr","ILBC_09","ACACAT","ATGTGT","GTAGACATGTG","Skin","F1, Day 1,  right palm, whole body study ","Bacteria","Actinobacteria"
"331820","F21Plmr",0.145032538661528,"F21Plmr","ILBC_09","ACACAT","ATGTGT","GTAGACATGTG","Skin","F1, Day 1,  right palm, whole body study ","Bacteria","Bacteroidetes"
"331820","SLEpi20M",0.141380228580634,"SLEpi20M","ILBC_15","ACAGAG","CTCTGT","AGCCGACTCTG","Freshwater","Sparkling Lake Wisconsin, 20 meter eplimnion","Bacteria","Bacteroidetes"
"550960","LMEpi24M",0.139384330323756,"LMEpi24M","ILBC_13","ACACTG","CAGTGT","CATGAACAGTG","Freshwater","Lake Mendota Minnesota, 24 meter epilimnion ","Bacteria","Proteobacteria"
"98605","M11Plmr",0.138945094892435,"M11Plmr","ILBC_08","ACACAC","GTGTGT","GCCATAGTGTG","Skin","M1, Day 1, right palm, whole body study ","Bacteria","Firmicutes"
"331820","SV1",0.134107389502762,"SV1","ILBC_03","AACTGT","ACAGTT","GTACGCACAGT","Soil","Sevilleta new Mexico, desert scrub, pH 8.3","Bacteria","Bacteroidetes"
"319505","CL3",0.133640836980434,"CL3","ILBC_01","AACGCA","TGCGTT","CTAGCGTGCGT","Soil","Calhoun South Carolina Pine soil, pH 4.9","Bacteria","Verrucomicrobia"
"36155","SV1",0.13324269106814,"SV1","ILBC_03","AACTGT","ACAGTT","GTACGCACAGT","Soil","Sevilleta new Mexico, desert scrub, pH 8.3","Bacteria","Acidobacteria"
"549656","M11Tong",0.128810275258679,"M11Tong","ILBC_11","ACACGG","CCGTGT","TAGACACCGTG","Tongue","M1, Day 1, tongue, whole body study ","Bacteria","Cyanobacteria"
"329744","M31Plmr",0.119171829149006,"M31Plmr","ILBC_07","AATCGT","ACGATT","CGAGTCACGAT","Skin","M3, Day 1, right palm, whole body study","Bacteria","Actinobacteria"
"98605","M31Tong",0.107927650904364,"M31Tong","ILBC_10","ACACGA","TCGTGT","TGTGGCTCGTG","Tongue","M3, Day 1, tongue, whole body study ","Bacteria","Firmicutes"
"329744","TS29",0.107528925148664,"TS29","ILBC_26","ACCAGC","GCTGGT","CTAGTCGCTGG","Feces","Twin #2","Bacteria","Actinobacteria"
"331820","TRRsed1",0.105629076390921,"TRRsed1","ILBC_22","ACATGT","ACATGT","CACGTGACATG","Sediment (estuary)","Tijuana River Reserve, depth 1","Bacteria","Bacteroidetes"
"549656","M11Fcsw",0.102589285585139,"M11Fcsw","ILBC_05","AAGCTG","CAGCTT","CGACTGCAGCT","Feces","M1, Day 1, fecal swab, whole body study ","Bacteria","Cyanobacteria"
"329744","NP5",0.102143920493381,"NP5","ILBC_21","ACATGA","TCATGT","GAACGATCATG","Ocean","Newport Pier, CA surface water, Time 3","Bacteria","Actinobacteria"
"331820","M31Tong",0.0973932825839677,"M31Tong","ILBC_10","ACACGA","TCGTGT","TGTGGCTCGTG","Tongue","M3, Day 1, tongue, whole body study ","Bacteria","Bacteroidetes"
"331820","LMEpi24M",0.0969656826918671,"LMEpi24M","ILBC_13","ACACTG","CAGTGT","CATGAACAGTG","Freshwater","Lake Mendota Minnesota, 24 meter epilimnion ","Bacteria","Bacteroidetes"
"64396","F21Plmr",0.0947416015803724,"F21Plmr","ILBC_09","ACACAT","ATGTGT","GTAGACATGTG","Skin","F1, Day 1,  right palm, whole body study ","Bacteria","Fusobacteria"
"331820","M31Plmr",0.0894384389656643,"M31Plmr","ILBC_07","AATCGT","ACGATT","CGAGTCACGAT","Skin","M3, Day 1, right palm, whole body study","Bacteria","Bacteroidetes"
"329744","M11Tong",0.0880707922176501,"M11Tong","ILBC_11","ACACGG","CCGTGT","TAGACACCGTG","Tongue","M1, Day 1, tongue, whole body study ","Bacteria","Actinobacteria"
"329744","Even1",0.0868085575451063,"Even1","ILBC_27","ACCGCA","TGCGGT","TGACTCTGCGG","Mock","Even1","Bacteria","Actinobacteria"
"331820","CC1",0.0848637125422627,"CC1","ILBC_02","AACTCG","CGAGTT","CATCGACGAGT","Soil","Cedar Creek Minnesota, grassland, pH 6.1","Bacteria","Bacteroidetes"
"329744","Even3",0.0834566453503097,"Even3","ILBC_29","ACCTGT","ACAGGT","AGAGAGACAGG","Mock","Even3","Bacteria","Actinobacteria"
"329744","Even2",0.0816431859107223,"Even2","ILBC_28","ACCTCG","CGAGGT","TCTGATCGAGG","Mock","Even2","Bacteria","Actinobacteria"
"329744","CC1",0.0795019740986245,"CC1","ILBC_02","AACTCG","CGAGTT","CATCGACGAGT","Soil","Cedar Creek Minnesota, grassland, pH 6.1","Bacteria","Actinobacteria"
"331820","CL3",0.0779181065154806,"CL3","ILBC_01","AACGCA","TGCGTT","CTAGCGTGCGT","Soil","Calhoun South Carolina Pine soil, pH 4.9","Bacteria","Bacteroidetes"
"549656","SLEpi20M",0.077178428010908,"SLEpi20M","ILBC_15","ACAGAG","CTCTGT","AGCCGACTCTG","Freshwater","Sparkling Lake Wisconsin, 20 meter eplimnion","Bacteria","Cyanobacteria"
"64396","M11Tong",0.0766948983260757,"M11Tong","ILBC_11","ACACGG","CCGTGT","TAGACACCGTG","Tongue","M1, Day 1, tongue, whole body study ","Bacteria","Fusobacteria"
"549656","M11Plmr",0.075474577799772,"M11Plmr","ILBC_08","ACACAC","GTGTGT","GCCATAGTGTG","Skin","M1, Day 1, right palm, whole body study ","Bacteria","Cyanobacteria"
"64396","M31Plmr",0.072129840959316,"M31Plmr","ILBC_07","AATCGT","ACGATT","CGAGTCACGAT","Skin","M3, Day 1, right palm, whole body study","Bacteria","Fusobacteria"
"198875","SV1",0.0699355432780847,"SV1","ILBC_03","AACTGT","ACAGTT","GTACGCACAGT","Soil","Sevilleta new Mexico, desert scrub, pH 8.3","Bacteria","Planctomycetes"
"331820","AQC7cm",0.0633065271346502,"AQC7cm","ILBC_18","ACAGTG","CACTGT","ATGAAGCACTG","Freshwater (creek)","Allequash Creek, 6-7 cm depth","Bacteria","Bacteroidetes"
"329744","M31Tong",0.0617002287471407,"M31Tong","ILBC_10","ACACGA","TCGTGT","TGTGGCTCGTG","Tongue","M3, Day 1, tongue, whole body study ","Bacteria","Actinobacteria"
"331820","TRRsed3",0.0616577740065868,"TRRsed3","ILBC_24","ACCACA","TGTGGT","GATGTATGTGG","Sediment (estuary)","Tijuana River Reserve, depth 2","Bacteria","Bacteroidetes"
"357591","TS28",0.0586955454159185,"TS28","ILBC_25","ACCAGA","TCTGGT","GCATCGTCTGG","Feces","Twin #1","Bacteria","Tenericutes"
"549656","NP3",0.0576484501237775,"NP3","ILBC_20","ACATCA","TGATGT","GCTAAGTGATG","Ocean","Newport Pier, CA surface water, Time 2","Bacteria","Cyanobacteria"
"319505","AQC1cm",0.0569823689453502,"AQC1cm","ILBC_16","ACAGCA","TGCTGT","GACCACTGCTG","Freshwater (creek)","Allequash Creek, 0-1cm depth","Bacteria","Verrucomicrobia"
"64396","M31Tong",0.0559013012337346,"M31Tong","ILBC_10","ACACGA","TCGTGT","TGTGGCTCGTG","Tongue","M3, Day 1, tongue, whole body study ","Bacteria","Fusobacteria"
"357591","Even1",0.0543603352667631,"Even1","ILBC_27","ACCGCA","TGCGGT","TGACTCTGCGG","Mock","Even1","Bacteria","Tenericutes"
"319505","TRRsed1",0.052005713400678,"TRRsed1","ILBC_22","ACATGT","ACATGT","CACGTGACATG","Sediment (estuary)","Tijuana River Reserve, depth 1","Bacteria","Verrucomicrobia"
"331820","TS29",0.0515542284051859,"TS29","ILBC_26","ACCAGC","GCTGGT","CTAGTCGCTGG","Feces","Twin #2","Bacteria","Bacteroidetes"
"319505","SV1",0.0514200621546961,"SV1","ILBC_03","AACTGT","ACAGTT","GTACGCACAGT","Soil","Sevilleta new Mexico, desert scrub, pH 8.3","Bacteria","Verrucomicrobia"
"357591","Even3",0.0508679465139731,"Even3","ILBC_29","ACCTGT","ACAGGT","AGAGAGACAGG","Mock","Even3","Bacteria","Tenericutes"
"319505","NP2",0.0495432655557254,"NP2","ILBC_19","ACAGTT","AACTGT","TCGCGCAACTG","Ocean","Newport Pier, CA surface water, Time 1","Bacteria","Verrucomicrobia"
"98605","TRRsed3",0.0488005695137561,"TRRsed3","ILBC_24","ACCACA","TGTGGT","GATGTATGTGG","Sediment (estuary)","Tijuana River Reserve, depth 2","Bacteria","Firmicutes"
"549656","TRRsed2",0.0481205087932031,"TRRsed2","ILBC_23","ACATTC","GAATGT","TGCGCTGAATG","Sediment (estuary)","Tijuana River Reserve, depth 2","Bacteria","Cyanobacteria"
"198875","CC1",0.0476054170432429,"CC1","ILBC_02","AACTCG","CGAGTT","CATCGACGAGT","Soil","Cedar Creek Minnesota, grassland, pH 6.1","Bacteria","Planctomycetes"
"331820","AQC4cm",0.0465846010433164,"AQC4cm","ILBC_17","ACAGCT","AGCTGT","CAAGCTAGCTG","Freshwater (creek)","Allequash Creek, 3-4 cm depth","Bacteria","Bacteroidetes"
"549656","TRRsed1",0.0465676573336316,"TRRsed1","ILBC_22","ACATGT","ACATGT","CACGTGACATG","Sediment (estuary)","Tijuana River Reserve, depth 1","Bacteria","Cyanobacteria"
"329744","CL3",0.045746496690867,"CL3","ILBC_01","AACGCA","TGCGTT","CTAGCGTGCGT","Soil","Calhoun South Carolina Pine soil, pH 4.9","Bacteria","Actinobacteria"
"331820","TRRsed2",0.0423790883714874,"TRRsed2","ILBC_23","ACATTC","GAATGT","TGCGCTGAATG","Sediment (estuary)","Tijuana River Reserve, depth 2","Bacteria","Bacteroidetes"
"549656","F21Plmr",0.0423029513561813,"F21Plmr","ILBC_09","ACACAT","ATGTGT","GTAGACATGTG","Skin","F1, Day 1,  right palm, whole body study ","Bacteria","Cyanobacteria"
"331820","AQC1cm",0.0419974720966602,"AQC1cm","ILBC_16","ACAGCA","TGCTGT","GACCACTGCTG","Freshwater (creek)","Allequash Creek, 0-1cm depth","Bacteria","Bacteroidetes"
"198875","TRRsed3",0.0419584945277782,"TRRsed3","ILBC_24","ACCACA","TGTGGT","GATGTATGTGG","Sediment (estuary)","Tijuana River Reserve, depth 2","Bacteria","Planctomycetes"
"550960","M11Fcsw",0.0417435091875931,"M11Fcsw","ILBC_05","AAGCTG","CAGCTT","CGACTGCAGCT","Feces","M1, Day 1, fecal swab, whole body study ","Bacteria","Proteobacteria"
"329744","NP2",0.0382988075217857,"NP2","ILBC_19","ACAGTT","AACTGT","TCGCGCAACTG","Ocean","Newport Pier, CA surface water, Time 1","Bacteria","Actinobacteria"
"331820","M11Plmr",0.038285345611037,"M11Plmr","ILBC_08","ACACAC","GTGTGT","GCCATAGTGTG","Skin","M1, Day 1, right palm, whole body study ","Bacteria","Bacteroidetes"
"357591","Even2",0.0374328851455202,"Even2","ILBC_28","ACCTCG","CGAGGT","TCTGATCGAGG","Mock","Even2","Bacteria","Tenericutes"
"198875","TRRsed1",0.0361217711542102,"TRRsed1","ILBC_22","ACATGT","ACATGT","CACGTGACATG","Sediment (estuary)","Tijuana River Reserve, depth 1","Bacteria","Planctomycetes"
"198875","CL3",0.0320634758221672,"CL3","ILBC_01","AACGCA","TGCGTT","CTAGCGTGCGT","Soil","Calhoun South Carolina Pine soil, pH 4.9","Bacteria","Planctomycetes"
"198875","SLEpi20M",0.0309535589771239,"SLEpi20M","ILBC_15","ACAGAG","CTCTGT","AGCCGACTCTG","Freshwater","Sparkling Lake Wisconsin, 20 meter eplimnion","Bacteria","Planctomycetes"
"329744","TS28",0.02942997636378,"TS28","ILBC_25","ACCAGA","TCTGGT","GCATCGTCTGG","Feces","Twin #1","Bacteria","Actinobacteria"
"549656","SV1",0.0237957527624309,"SV1","ILBC_03","AACTGT","ACAGTT","GTACGCACAGT","Soil","Sevilleta new Mexico, desert scrub, pH 8.3","Bacteria","Cyanobacteria"
"319505","LMEpi24M",0.0232972565145437,"LMEpi24M","ILBC_13","ACACTG","CAGTGT","CATGAACAGTG","Freshwater","Lake Mendota Minnesota, 24 meter epilimnion ","Bacteria","Verrucomicrobia"
"98605","TRRsed1",0.0228191846357707,"TRRsed1","ILBC_22","ACATGT","ACATGT","CACGTGACATG","Sediment (estuary)","Tijuana River Reserve, depth 1","Bacteria","Firmicutes"
"329744","AQC1cm",0.0225960281925491,"AQC1cm","ILBC_16","ACAGCA","TGCTGT","GACCACTGCTG","Freshwater (creek)","Allequash Creek, 0-1cm depth","Bacteria","Actinobacteria"
"319505","AQC7cm",0.0224310988028502,"AQC7cm","ILBC_18","ACAGTG","CACTGT","ATGAAGCACTG","Freshwater (creek)","Allequash Creek, 6-7 cm depth","Bacteria","Verrucomicrobia"
"549656","M31Plmr",0.021760455245946,"M31Plmr","ILBC_07","AATCGT","ACGATT","CGAGTCACGAT","Skin","M3, Day 1, right palm, whole body study","Bacteria","Cyanobacteria"
"319505","SLEpi20M",0.0195960306593267,"SLEpi20M","ILBC_15","ACAGAG","CTCTGT","AGCCGACTCTG","Freshwater","Sparkling Lake Wisconsin, 20 meter eplimnion","Bacteria","Verrucomicrobia"
"329744","TRRsed1",0.0181039081725722,"TRRsed1","ILBC_22","ACATGT","ACATGT","CACGTGACATG","Sediment (estuary)","Tijuana River Reserve, depth 1","Bacteria","Actinobacteria"
"329744","AQC7cm",0.0178317959132228,"AQC7cm","ILBC_18","ACAGTG","CACTGT","ATGAAGCACTG","Freshwater (creek)","Allequash Creek, 6-7 cm depth","Bacteria","Actinobacteria"
"319505","AQC4cm",0.016056409892871,"AQC4cm","ILBC_17","ACAGCT","AGCTGT","CAAGCTAGCTG","Freshwater (creek)","Allequash Creek, 3-4 cm depth","Bacteria","Verrucomicrobia"
"198875","NP2",0.0159627732762575,"NP2","ILBC_19","ACAGTT","AACTGT","TCGCGCAACTG","Ocean","Newport Pier, CA surface water, Time 1","Bacteria","Planctomycetes"
"319505","NP5",0.0158791660183789,"NP5","ILBC_21","ACATGA","TCATGT","GAACGATCATG","Ocean","Newport Pier, CA surface water, Time 3","Bacteria","Verrucomicrobia"
"198875","TRRsed2",0.0158652007259174,"TRRsed2","ILBC_23","ACATTC","GAATGT","TGCGCTGAATG","Sediment (estuary)","Tijuana River Reserve, depth 2","Bacteria","Planctomycetes"
"36155","AQC7cm",0.0157886429199949,"AQC7cm","ILBC_18","ACAGTG","CACTGT","ATGAAGCACTG","Freshwater (creek)","Allequash Creek, 6-7 cm depth","Bacteria","Acidobacteria"
"36155","TRRsed1",0.0138188576640452,"TRRsed1","ILBC_22","ACATGT","ACATGT","CACGTGACATG","Sediment (estuary)","Tijuana River Reserve, depth 1","Bacteria","Acidobacteria"
"198875","AQC1cm",0.0136986653527282,"AQC1cm","ILBC_16","ACAGCA","TGCTGT","GACCACTGCTG","Freshwater (creek)","Allequash Creek, 0-1cm depth","Bacteria","Planctomycetes"
"329744","NP3",0.0132300150211847,"NP3","ILBC_20","ACATCA","TGATGT","GCTAAGTGATG","Ocean","Newport Pier, CA surface water, Time 2","Bacteria","Actinobacteria"
"36155","AQC1cm",0.0125092654084278,"AQC1cm","ILBC_16","ACAGCA","TGCTGT","GACCACTGCTG","Freshwater (creek)","Allequash Creek, 0-1cm depth","Bacteria","Acidobacteria"
"319505","NP3",0.0122389823773546,"NP3","ILBC_20","ACATCA","TGATGT","GCTAAGTGATG","Ocean","Newport Pier, CA surface water, Time 2","Bacteria","Verrucomicrobia"
"550960","M31Fcsw",0.0121857010815807,"M31Fcsw","ILBC_04","AAGAGA","TCTCTT","TCGACATCTCT","Feces","M3, Day 1, fecal swab, whole body study","Bacteria","Proteobacteria"
"329744","AQC4cm",0.0116743789788166,"AQC4cm","ILBC_17","ACAGCT","AGCTGT","CAAGCTAGCTG","Freshwater (creek)","Allequash Creek, 3-4 cm depth","Bacteria","Actinobacteria"
"36155","TRRsed2",0.0113607695375125,"TRRsed2","ILBC_23","ACATTC","GAATGT","TGCGCTGAATG","Sediment (estuary)","Tijuana River Reserve, depth 2","Bacteria","Acidobacteria"
"36155","AQC4cm",0.0110142939191097,"AQC4cm","ILBC_17","ACAGCT","AGCTGT","CAAGCTAGCTG","Freshwater (creek)","Allequash Creek, 3-4 cm depth","Bacteria","Acidobacteria"
"36155","TRRsed3",0.0109300619849568,"TRRsed3","ILBC_24","ACCACA","TGTGGT","GATGTATGTGG","Sediment (estuary)","Tijuana River Reserve, depth 2","Bacteria","Acidobacteria"
"98605","AQC1cm",0.0102538614794661,"AQC1cm","ILBC_16","ACAGCA","TGCTGT","GACCACTGCTG","Freshwater (creek)","Allequash Creek, 0-1cm depth","Bacteria","Firmicutes"
"98605","CL3",0.00894837938524076,"CL3","ILBC_01","AACGCA","TGCGTT","CTAGCGTGCGT","Soil","Calhoun South Carolina Pine soil, pH 4.9","Bacteria","Firmicutes"
"329744","TRRsed3",0.00825147771561704,"TRRsed3","ILBC_24","ACCACA","TGTGGT","GATGTATGTGG","Sediment (estuary)","Tijuana River Reserve, depth 2","Bacteria","Actinobacteria"
"319505","M11Tong",0.0080600055930646,"M11Tong","ILBC_11","ACACGG","CCGTGT","TAGACACCGTG","Tongue","M1, Day 1, tongue, whole body study ","Bacteria","Verrucomicrobia"
"198875","AQC7cm",0.00716723227863683,"AQC7cm","ILBC_18","ACAGTG","CACTGT","ATGAAGCACTG","Freshwater (creek)","Allequash Creek, 6-7 cm depth","Bacteria","Planctomycetes"
"319505","M31Fcsw",0.00685790267395288,"M31Fcsw","ILBC_04","AAGAGA","TCTCTT","TCGACATCTCT","Feces","M3, Day 1, fecal swab, whole body study","Bacteria","Verrucomicrobia"
"319505","TRRsed2",0.00574752398701161,"TRRsed2","ILBC_23","ACATTC","GAATGT","TGCGCTGAATG","Sediment (estuary)","Tijuana River Reserve, depth 2","Bacteria","Verrucomicrobia"
"198875","AQC4cm",0.00563470680549819,"AQC4cm","ILBC_17","ACAGCT","AGCTGT","CAAGCTAGCTG","Freshwater (creek)","Allequash Creek, 3-4 cm depth","Bacteria","Planctomycetes"
"198875","NP5",0.00515744463420526,"NP5","ILBC_21","ACATGA","TCATGT","GAACGATCATG","Ocean","Newport Pier, CA surface water, Time 3","Bacteria","Planctomycetes"
"64396","CL3",0.0050032323927613,"CL3","ILBC_01","AACGCA","TGCGTT","CTAGCGTGCGT","Soil","Calhoun South Carolina Pine soil, pH 4.9","Bacteria","Fusobacteria"
"550960","TS28",0.00495036820832328,"TS28","ILBC_25","ACCAGA","TCTGGT","GCATCGTCTGG","Feces","Twin #1","Bacteria","Proteobacteria"
"319505","TRRsed3",0.00478909294867185,"TRRsed3","ILBC_24","ACCACA","TGTGGT","GATGTATGTGG","Sediment (estuary)","Tijuana River Reserve, depth 2","Bacteria","Verrucomicrobia"
"98605","AQC7cm",0.00467881446474575,"AQC7cm","ILBC_18","ACAGTG","CACTGT","ATGAAGCACTG","Freshwater (creek)","Allequash Creek, 6-7 cm depth","Bacteria","Firmicutes"
"64396","M11Plmr",0.00447001528546355,"M11Plmr","ILBC_08","ACACAC","GTGTGT","GCCATAGTGTG","Skin","M1, Day 1, right palm, whole body study ","Bacteria","Fusobacteria"
"98605","SV1",0.00446593001841621,"SV1","ILBC_03","AACTGT","ACAGTT","GTACGCACAGT","Soil","Sevilleta new Mexico, desert scrub, pH 8.3","Bacteria","Firmicutes"
"329744","TRRsed2",0.00441898127426167,"TRRsed2","ILBC_23","ACATTC","GAATGT","TGCGCTGAATG","Sediment (estuary)","Tijuana River Reserve, depth 2","Bacteria","Actinobacteria"
"36155","M11Plmr",0.00438907864035686,"M11Plmr","ILBC_08","ACACAC","GTGTGT","GCCATAGTGTG","Skin","M1, Day 1, right palm, whole body study ","Bacteria","Acidobacteria"
"198875","NP3",0.00428296689720812,"NP3","ILBC_20","ACATCA","TGATGT","GCTAAGTGATG","Ocean","Newport Pier, CA surface water, Time 2","Bacteria","Planctomycetes"
"98605","AQC4cm",0.00426359764610696,"AQC4cm","ILBC_17","ACAGCT","AGCTGT","CAAGCTAGCTG","Freshwater (creek)","Allequash Creek, 3-4 cm depth","Bacteria","Firmicutes"
"357591","M11Fcsw",0.0041831260333059,"M11Fcsw","ILBC_05","AAGCTG","CAGCTT","CGACTGCAGCT","Feces","M1, Day 1, fecal swab, whole body study ","Bacteria","Tenericutes"
"550960","TS29",0.00417920165515555,"TS29","ILBC_26","ACCAGC","GCTGGT","CTAGTCGCTGG","Feces","Twin #2","Bacteria","Proteobacteria"
"357591","M31Fcsw",0.00402665845076132,"M31Fcsw","ILBC_04","AAGAGA","TCTCTT","TCGACATCTCT","Feces","M3, Day 1, fecal swab, whole body study","Bacteria","Tenericutes"
"357591","TS29",0.00390736350874468,"TS29","ILBC_26","ACCAGC","GCTGGT","CTAGTCGCTGG","Feces","Twin #2","Bacteria","Tenericutes"
"98605","CC1",0.00379270771766988,"CC1","ILBC_02","AACTCG","CGAGTT","CATCGACGAGT","Soil","Cedar Creek Minnesota, grassland, pH 6.1","Bacteria","Firmicutes"
"549656","M31Tong",0.00336695791302609,"M31Tong","ILBC_10","ACACGA","TCGTGT","TGTGGCTCGTG","Tongue","M3, Day 1, tongue, whole body study ","Bacteria","Cyanobacteria"
"549656","Even1",0.00333160857465559,"Even1","ILBC_27","ACCGCA","TGCGGT","TGACTCTGCGG","Mock","Even1","Bacteria","Cyanobacteria"
"98605","TRRsed2",0.00332440856452282,"TRRsed2","ILBC_23","ACATTC","GAATGT","TGCGCTGAATG","Sediment (estuary)","Tijuana River Reserve, depth 2","Bacteria","Firmicutes"
"357591","TRRsed3",0.00322508736858758,"TRRsed3","ILBC_24","ACCACA","TGTGGT","GATGTATGTGG","Sediment (estuary)","Tijuana River Reserve, depth 2","Bacteria","Tenericutes"
"549656","CC1",0.00293751529495746,"CC1","ILBC_02","AACTCG","CGAGTT","CATCGACGAGT","Soil","Cedar Creek Minnesota, grassland, pH 6.1","Bacteria","Cyanobacteria"
"319505","M11Fcsw",0.00290350218678747,"M11Fcsw","ILBC_05","AAGCTG","CAGCTT","CGACTGCAGCT","Feces","M1, Day 1, fecal swab, whole body study ","Bacteria","Verrucomicrobia"
"549656","TRRsed3",0.0027325154962392,"TRRsed3","ILBC_24","ACCACA","TGTGGT","GATGTATGTGG","Sediment (estuary)","Tijuana River Reserve, depth 2","Bacteria","Cyanobacteria"
"319505","M11Plmr",0.00255297303422233,"M11Plmr","ILBC_08","ACACAC","GTGTGT","GCCATAGTGTG","Skin","M1, Day 1, right palm, whole body study ","Bacteria","Verrucomicrobia"
"319505","TS29",0.00233582504529947,"TS29","ILBC_26","ACCAGC","GCTGGT","CTAGTCGCTGG","Feces","Twin #2","Bacteria","Verrucomicrobia"
"357591","TRRsed1",0.00232322015522552,"TRRsed1","ILBC_22","ACATGT","ACATGT","CACGTGACATG","Sediment (estuary)","Tijuana River Reserve, depth 1","Bacteria","Tenericutes"
"549656","CL3",0.0022522103520285,"CL3","ILBC_01","AACGCA","TGCGTT","CTAGCGTGCGT","Soil","Calhoun South Carolina Pine soil, pH 4.9","Bacteria","Cyanobacteria"
"357591","M31Plmr",0.00222941207616786,"M31Plmr","ILBC_07","AATCGT","ACGATT","CGAGTCACGAT","Skin","M3, Day 1, right palm, whole body study","Bacteria","Tenericutes"
"98605","LMEpi24M",0.0019634457054822,"LMEpi24M","ILBC_13","ACACTG","CAGTGT","CATGAACAGTG","Freshwater","Lake Mendota Minnesota, 24 meter epilimnion ","Bacteria","Firmicutes"
"36155","F21Plmr",0.00178706958267619,"F21Plmr","ILBC_09","ACACAT","ATGTGT","GTAGACATGTG","Skin","F1, Day 1,  right palm, whole body study ","Bacteria","Acidobacteria"
"64396","SV1",0.00177543738489871,"SV1","ILBC_03","AACTGT","ACAGTT","GTACGCACAGT","Soil","Sevilleta new Mexico, desert scrub, pH 8.3","Bacteria","Fusobacteria"
"549656","TS29",0.00176157728920356,"TS29","ILBC_26","ACCAGC","GCTGGT","CTAGTCGCTGG","Feces","Twin #2","Bacteria","Cyanobacteria"
"198875","M11Plmr",0.00168348221821907,"M11Plmr","ILBC_08","ACACAC","GTGTGT","GCCATAGTGTG","Skin","M1, Day 1, right palm, whole body study ","Bacteria","Planctomycetes"
"329744","M31Fcsw",0.00164685660542574,"M31Fcsw","ILBC_04","AAGAGA","TCTCTT","TCGACATCTCT","Feces","M3, Day 1, fecal swab, whole body study","Bacteria","Actinobacteria"
"36155","Even1",0.00128164102699097,"Even1","ILBC_27","ACCGCA","TGCGGT","TGACTCTGCGG","Mock","Even1","Bacteria","Acidobacteria"
"98605","NP5",0.00124713416439287,"NP5","ILBC_21","ACATGA","TCATGT","GAACGATCATG","Ocean","Newport Pier, CA surface water, Time 3","Bacteria","Firmicutes"
"549656","Even3",0.00096021018861868,"Even3","ILBC_29","ACCTGT","ACAGGT","AGAGAGACAGG","Mock","Even3","Bacteria","Cyanobacteria"
"198875","M11Tong",0.000848947305341377,"M11Tong","ILBC_11","ACACGG","CCGTGT","TAGACACCGTG","Tongue","M1, Day 1, tongue, whole body study ","Bacteria","Planctomycetes"
"319505","Even2",0.00084370016606162,"Even2","ILBC_28","ACCTCG","CGAGGT","TCTGATCGAGG","Mock","Even2","Bacteria","Verrucomicrobia"
"319505","Even1",0.000830845595161024,"Even1","ILBC_27","ACCGCA","TGCGGT","TGACTCTGCGG","Mock","Even1","Bacteria","Verrucomicrobia"
"319505","F21Plmr",0.000715904381011847,"F21Plmr","ILBC_09","ACACAT","ATGTGT","GTAGACATGTG","Skin","F1, Day 1,  right palm, whole body study ","Bacteria","Verrucomicrobia"
"319505","TS28",0.000709940663906617,"TS28","ILBC_25","ACCAGA","TCTGGT","GCATCGTCTGG","Feces","Twin #1","Bacteria","Verrucomicrobia"
"64396","TRRsed1",0.000705570565661085,"TRRsed1","ILBC_22","ACATGT","ACATGT","CACGTGACATG","Sediment (estuary)","Tijuana River Reserve, depth 1","Bacteria","Fusobacteria"
"549656","Even2",0.000656211240270149,"Even2","ILBC_28","ACCTCG","CGAGGT","TCTGATCGAGG","Mock","Even2","Bacteria","Cyanobacteria"
"357591","M11Tong",0.000629219767488315,"M11Tong","ILBC_11","ACACGG","CCGTGT","TAGACACCGTG","Tongue","M1, Day 1, tongue, whole body study ","Bacteria","Tenericutes"
"36155","M11Tong",0.000619232152131357,"M11Tong","ILBC_11","ACACGG","CCGTGT","TAGACACCGTG","Tongue","M1, Day 1, tongue, whole body study ","Bacteria","Acidobacteria"
"64396","CC1",0.000611356566649792,"CC1","ILBC_02","AACTCG","CGAGTT","CATCGACGAGT","Soil","Cedar Creek Minnesota, grassland, pH 6.1","Bacteria","Fusobacteria"
"98605","NP3",0.00060179509587767,"NP3","ILBC_20","ACATCA","TGATGT","GCTAAGTGATG","Ocean","Newport Pier, CA surface water, Time 2","Bacteria","Firmicutes"
"36155","Even2",0.000581009638166976,"Even2","ILBC_28","ACCTCG","CGAGGT","TCTGATCGAGG","Mock","Even2","Bacteria","Acidobacteria"
"549656","TS28",0.000529519653079221,"TS28","ILBC_25","ACCAGA","TCTGGT","GCATCGTCTGG","Feces","Twin #1","Bacteria","Cyanobacteria"
"98605","NP2",0.000479666717627274,"NP2","ILBC_19","ACAGTT","AACTGT","TCGCGCAACTG","Ocean","Newport Pier, CA surface water, Time 1","Bacteria","Firmicutes"
"98605","SLEpi20M",0.000457785894276937,"SLEpi20M","ILBC_15","ACAGAG","CTCTGT","AGCCGACTCTG","Freshwater","Sparkling Lake Wisconsin, 20 meter eplimnion","Bacteria","Firmicutes"
"357591","CL3",0.000409281385603527,"CL3","ILBC_01","AACGCA","TGCGTT","CTAGCGTGCGT","Soil","Calhoun South Carolina Pine soil, pH 4.9","Bacteria","Tenericutes"
"329744","M11Fcsw",0.000391987259690836,"M11Fcsw","ILBC_05","AAGCTG","CAGCTT","CGACTGCAGCT","Feces","M1, Day 1, fecal swab, whole body study ","Bacteria","Actinobacteria"
"36155","SLEpi20M",0.00038463877651994,"SLEpi20M","ILBC_15","ACAGAG","CTCTGT","AGCCGACTCTG","Freshwater","Sparkling Lake Wisconsin, 20 meter eplimnion","Bacteria","Acidobacteria"
"198875","F21Plmr",0.000366026300066208,"F21Plmr","ILBC_09","ACACAT","ATGTGT","GTAGACATGTG","Skin","F1, Day 1,  right palm, whole body study ","Bacteria","Planctomycetes"
"36155","NP2",0.000363094328084391,"NP2","ILBC_19","ACAGTT","AACTGT","TCGCGCAACTG","Ocean","Newport Pier, CA surface water, Time 1","Bacteria","Acidobacteria"
"198875","Even1",0.00034796800668625,"Even1","ILBC_27","ACCGCA","TGCGGT","TGACTCTGCGG","Mock","Even1","Bacteria","Planctomycetes"
"357591","M31Tong",0.000344495693803827,"M31Tong","ILBC_10","ACACGA","TCGTGT","TGTGGCTCGTG","Tongue","M3, Day 1, tongue, whole body study ","Bacteria","Tenericutes"
"36155","M31Plmr",0.000344165489258414,"M31Plmr","ILBC_07","AATCGT","ACGATT","CGAGTCACGAT","Skin","M3, Day 1, right palm, whole body study","Bacteria","Acidobacteria"
"319505","M31Plmr",0.000310724308115896,"M31Plmr","ILBC_07","AATCGT","ACGATT","CGAGTCACGAT","Skin","M3, Day 1, right palm, whole body study","Bacteria","Verrucomicrobia"
"64396","NP3",0.000307328429165874,"NP3","ILBC_20","ACATCA","TGATGT","GCTAAGTGATG","Ocean","Newport Pier, CA surface water, Time 2","Bacteria","Fusobacteria"
"36155","Even3",0.000285743708303916,"Even3","ILBC_29","ACCTGT","ACAGGT","AGAGAGACAGG","Mock","Even3","Bacteria","Acidobacteria"
"549656","M31Fcsw",0.000274367996886604,"M31Fcsw","ILBC_04","AAGAGA","TCTCTT","TCGACATCTCT","Feces","M3, Day 1, fecal swab, whole body study","Bacteria","Cyanobacteria"
"357591","SV1",0.00026904926335175,"SV1","ILBC_03","AACTGT","ACAGTT","GTACGCACAGT","Soil","Sevilleta new Mexico, desert scrub, pH 8.3","Bacteria","Tenericutes"
"319505","M31Tong",0.000264996687541406,"M31Tong","ILBC_10","ACACGA","TCGTGT","TGTGGCTCGTG","Tongue","M3, Day 1, tongue, whole body study ","Bacteria","Verrucomicrobia"
"198875","LMEpi24M",0.000248029113421115,"LMEpi24M","ILBC_13","ACACTG","CAGTGT","CATGAACAGTG","Freshwater","Lake Mendota Minnesota, 24 meter epilimnion ","Bacteria","Planctomycetes"
"357591","F21Plmr",0.000226075067687952,"F21Plmr","ILBC_09","ACACAT","ATGTGT","GTAGACATGTG","Skin","F1, Day 1,  right palm, whole body study ","Bacteria","Tenericutes"
"198875","Even2",0.000222514329510757,"Even2","ILBC_28","ACCTCG","CGAGGT","TCTGATCGAGG","Mock","Even2","Bacteria","Planctomycetes"
"64396","NP5",0.000212497131894124,"NP5","ILBC_21","ACATGA","TCATGT","GAACGATCATG","Ocean","Newport Pier, CA surface water, Time 3","Bacteria","Fusobacteria"
"357591","M11Plmr",0.000198872899405,"M11Plmr","ILBC_08","ACACAC","GTGTGT","GCCATAGTGTG","Skin","M1, Day 1, right palm, whole body study ","Bacteria","Tenericutes"
"357591","AQC1cm",0.000193663103322693,"AQC1cm","ILBC_16","ACAGCA","TGCTGT","GACCACTGCTG","Freshwater (creek)","Allequash Creek, 0-1cm depth","Bacteria","Tenericutes"
"319505","Even3",0.000180909165971635,"Even3","ILBC_29","ACCTGT","ACAGGT","AGAGAGACAGG","Mock","Even3","Bacteria","Verrucomicrobia"
"36155","LMEpi24M",0.000171966851971973,"LMEpi24M","ILBC_13","ACACTG","CAGTGT","CATGAACAGTG","Freshwater","Lake Mendota Minnesota, 24 meter epilimnion ","Bacteria","Acidobacteria"
"198875","Even3",0.00016884855490686,"Even3","ILBC_29","ACCTGT","ACAGGT","AGAGAGACAGG","Mock","Even3","Bacteria","Planctomycetes"
"64396","SLEpi20M",0.000165197423248948,"SLEpi20M","ILBC_15","ACAGAG","CTCTGT","AGCCGACTCTG","Freshwater","Sparkling Lake Wisconsin, 20 meter eplimnion","Bacteria","Fusobacteria"
"36155","NP3",0.000137417777798838,"NP3","ILBC_20","ACATCA","TGATGT","GCTAAGTGATG","Ocean","Newport Pier, CA surface water, Time 2","Bacteria","Acidobacteria"
"198875","M31Tong",0.000118498518768515,"M31Tong","ILBC_10","ACACGA","TCGTGT","TGTGGCTCGTG","Tongue","M3, Day 1, tongue, whole body study ","Bacteria","Planctomycetes"
"357591","CC1",0.000115733685305091,"CC1","ILBC_02","AACTCG","CGAGTT","CATCGACGAGT","Soil","Cedar Creek Minnesota, grassland, pH 6.1","Bacteria","Tenericutes"
"36155","TS28",0.000115298634138217,"TS28","ILBC_25","ACCAGA","TCTGGT","GCATCGTCTGG","Feces","Twin #1","Bacteria","Acidobacteria"
"64396","LMEpi24M",0.000105353318653159,"LMEpi24M","ILBC_13","ACACTG","CAGTGT","CATGAACAGTG","Freshwater","Lake Mendota Minnesota, 24 meter epilimnion ","Bacteria","Fusobacteria"
"64396","AQC1cm",0.000101116133593265,"AQC1cm","ILBC_16","ACAGCA","TGCTGT","GACCACTGCTG","Freshwater (creek)","Allequash Creek, 0-1cm depth","Bacteria","Fusobacteria"
"357591","NP3",9.68016858385903e-05,"NP3","ILBC_20","ACATCA","TGATGT","GCTAAGTGATG","Ocean","Newport Pier, CA surface water, Time 2","Bacteria","Tenericutes"
"198875","M31Plmr",9.61433957847391e-05,"M31Plmr","ILBC_07","AATCGT","ACGATT","CGAGTCACGAT","Skin","M3, Day 1, right palm, whole body study","Bacteria","Planctomycetes"
"198875","TS28",9.60821951151812e-05,"TS28","ILBC_25","ACCAGA","TCTGGT","GCATCGTCTGG","Feces","Twin #1","Bacteria","Planctomycetes"
"36155","TS29",8.92356225300117e-05,"TS29","ILBC_26","ACCAGC","GCTGGT","CTAGTCGCTGG","Feces","Twin #2","Bacteria","Acidobacteria"
"36155","M31Fcsw",7.78348927337885e-05,"M31Fcsw","ILBC_04","AAGAGA","TCTCTT","TCGACATCTCT","Feces","M3, Day 1, fecal swab, whole body study","Bacteria","Acidobacteria"
"36155","M31Tong",7.49990625117186e-05,"M31Tong","ILBC_10","ACACGA","TCGTGT","TGTGGCTCGTG","Tongue","M3, Day 1, tongue, whole body study ","Bacteria","Acidobacteria"
"64396","TRRsed3",7.19083025326104e-05,"TRRsed3","ILBC_24","ACCACA","TGTGGT","GATGTATGTGG","Sediment (estuary)","Tijuana River Reserve, depth 2","Bacteria","Fusobacteria"
"198875","TS29",6.52742053691752e-05,"TS29","ILBC_26","ACCAGC","GCTGGT","CTAGTCGCTGG","Feces","Twin #2","Bacteria","Planctomycetes"
"64396","TRRsed2",6.10356529594154e-05,"TRRsed2","ILBC_23","ACATTC","GAATGT","TGCGCTGAATG","Sediment (estuary)","Tijuana River Reserve, depth 2","Bacteria","Fusobacteria"
"36155","M11Fcsw",5.54471523547923e-05,"M11Fcsw","ILBC_05","AAGCTG","CAGCTT","CGACTGCAGCT","Feces","M1, Day 1, fecal swab, whole body study ","Bacteria","Acidobacteria"
"36155","NP5",5.26702292729026e-05,"NP5","ILBC_21","ACATGA","TCATGT","GAACGATCATG","Ocean","Newport Pier, CA surface water, Time 3","Bacteria","Acidobacteria"
"64396","NP2",4.77755694847883e-05,"NP2","ILBC_19","ACAGTT","AACTGT","TCGCGCAACTG","Ocean","Newport Pier, CA surface water, Time 1","Bacteria","Fusobacteria"
"64396","Even1",4.60666864643736e-05,"Even1","ILBC_27","ACCGCA","TGCGGT","TGACTCTGCGG","Mock","Even1","Bacteria","Fusobacteria"
"64396","Even3",3.33986152563019e-05,"Even3","ILBC_29","ACCTGT","ACAGGT","AGAGAGACAGG","Mock","Even3","Bacteria","Fusobacteria"
"64396","AQC4cm",3.3110375985299e-05,"AQC4cm","ILBC_17","ACAGCT","AGCTGT","CAAGCTAGCTG","Freshwater (creek)","Allequash Creek, 3-4 cm depth","Bacteria","Fusobacteria"
"198875","M31Fcsw",2.78908365629409e-05,"M31Fcsw","ILBC_04","AAGAGA","TCTCTT","TCGACATCTCT","Feces","M3, Day 1, fecal swab, whole body study","Bacteria","Planctomycetes"
"64396","M11Fcsw",2.70003524510293e-05,"M11Fcsw","ILBC_05","AAGCTG","CAGCTT","CGACTGCAGCT","Feces","M1, Day 1, fecal swab, whole body study ","Bacteria","Fusobacteria"
"64396","Even2",2.67841322559244e-05,"Even2","ILBC_28","ACCTCG","CGAGGT","TCTGATCGAGG","Mock","Even2","Bacteria","Fusobacteria"
"64396","AQC7cm",2.59148837422977e-05,"AQC7cm","ILBC_18","ACAGTG","CACTGT","ATGAAGCACTG","Freshwater (creek)","Allequash Creek, 6-7 cm depth","Bacteria","Fusobacteria"
"64396","M31Fcsw",2.20532196079067e-05,"M31Fcsw","ILBC_04","AAGAGA","TCTCTT","TCGACATCTCT","Feces","M3, Day 1, fecal swab, whole body study","Bacteria","Fusobacteria"
"357591","NP5",2.17945776301666e-05,"NP5","ILBC_21","ACATGA","TCATGT","GAACGATCATG","Ocean","Newport Pier, CA surface water, Time 3","Bacteria","Tenericutes"
"357591","NP2",2.10212505733068e-05,"NP2","ILBC_19","ACAGTT","AACTGT","TCGCGCAACTG","Ocean","Newport Pier, CA surface water, Time 1","Bacteria","Tenericutes"
"357591","TRRsed2",2.03452176531385e-05,"TRRsed2","ILBC_23","ACATTC","GAATGT","TGCGCTGAATG","Sediment (estuary)","Tijuana River Reserve, depth 2","Bacteria","Tenericutes"
"64396","TS28",2.02840189687605e-05,"TS28","ILBC_25","ACCAGA","TCTGGT","GCATCGTCTGG","Feces","Twin #1","Bacteria","Fusobacteria"
"198875","M11Fcsw",1.73573694328046e-05,"M11Fcsw","ILBC_05","AAGCTG","CAGCTT","CGACTGCAGCT","Feces","M1, Day 1, fecal swab, whole body study ","Bacteria","Planctomycetes"
"357591","AQC4cm",1.44327279935919e-05,"AQC4cm","ILBC_17","ACAGCT","AGCTGT","CAAGCTAGCTG","Freshwater (creek)","Allequash Creek, 3-4 cm depth","Bacteria","Tenericutes"
"357591","SLEpi20M",1.3971921369314e-05,"SLEpi20M","ILBC_15","ACAGAG","CTCTGT","AGCCGACTCTG","Freshwater","Sparkling Lake Wisconsin, 20 meter eplimnion","Bacteria","Tenericutes"
"64396","TS29",1.15675806983348e-05,"TS29","ILBC_26","ACCAGC","GCTGGT","CTAGTCGCTGG","Feces","Twin #2","Bacteria","Fusobacteria"
"357591","LMEpi24M",1.08660373498774e-05,"LMEpi24M","ILBC_13","ACACTG","CAGTGT","CATGAACAGTG","Freshwater","Lake Mendota Minnesota, 24 meter epilimnion ","Bacteria","Tenericutes"
"357591","AQC7cm",1.06015433491218e-05,"AQC7cm","ILBC_18","ACAGTG","CACTGT","ATGAAGCACTG","Freshwater (creek)","Allequash Creek, 6-7 cm depth","Bacteria","Tenericutes"
